Nome;Squadra
Svilar;Roma
Carnesecchi;Atalanta
Martinez Jo.;Inter
Vicario;Juventus
Butez;Como
Maignan;Milan
Caprile;Cagliari
Mandas;Lazio
Skorupski;Bologna
De Gea;Fiorentina
Meret;Napoli
Perri;Torino
Falcone;Lecce
Okoye;Udinese
Sanchez Ro.;Como
Bijlow;Genoa
Palmisani;Frosinone
Daffara;Parma
Muric;Sassuolo
Milinkovic-Savic V.;Napoli
Stankovic F.;Venezia
Thiam;Monza
Corvi;Parma
Pessina Mas.;Bologna
Sportiello;Atalanta
Happonen;Bologna
Sherri;Cagliari
Tornqvist;Monza
Vigorito;Como
Christensen O.;Fiorentina
Lezzerini;Fiorentina
Desplanches;Frosinone
Lolic;Frosinone
Sommariva;Genoa
Stolz;Genoa
Di Gennaro;Inter
Provedel;Inter
Pinsoglio;Juventus
Motta;Lazio
Renzetti;Lazio
Terracciano;Milan
Torriani;Milan
Strajnar;Monza
Contini;Napoli
De Marzi;Roma
Gollini;Roma
Russo A.;Sassuolo
Turati;Sassuolo
Mascardi;Torino
Siviero;Torino
Padelli;Udinese
Grandi;Venezia
Pozzi;Venezia
Satalino;Sassuolo
Penev;Lecce
Pisseri;Frosinone
Radunovic;Cagliari
Montipò;Venezia
Bleve;Lecce
Grabara;Juventus
Mrozek;Udinese
Ghidotti;Parma
Pompei;Atalanta
Dimarco;Inter
Wesley;Roma
Molina N.;Roma
Bremer;Juventus
Akanji;Inter
Mancini;Roma
Bastoni;Inter
Rrahmani;Napoli
Kalulu;Juventus
Pavlovic;Milan
Solet;Udinese
Ramon;Como
Bisseck;Inter
Stones;Inter
Gila;Milan
Di Lorenzo;Napoli
N'Dicka;Roma
Hermoso;Roma
Spence;Inter
Scalvini;Atalanta
Ostigard;Genoa
Chalobah T.;Como
Dodò;Fiorentina
Vasquez;Genoa
Carlos Augusto;Inter
Tiago Gabriel;Lecce
Mangas;Monza
Valeri;Parma
Kamara H.;Udinese
Couto;Como
Zappacosta;Atalanta
Lucumì;Juventus
Miranda J.;Bologna
Obert;Cagliari
Kaiki;Como
Dragusin;Fiorentina
Jimenez A.;Fiorentina
Cambiaso;Juventus
Doekhi;Lazio
Bartesaghi;Milan
Spinazzola;Napoli
Delprato;Parma
Comuzzo;Torino
Vojvoda;Udinese
Theate;Bologna
Belghali;Torino
Diego Carlos;Parma
Hien;Atalanta
Mina;Cagliari
Zè Pedro;Cagliari
Valle;Como
Bracaglia;Frosinone
Oyono A.;Frosinone
Celik;Juventus
Tavares N.;Lazio
Koulierakis;Roma
Idzes;Sassuolo
Doig;Sassuolo
Coco;Torino
Ismajli;Torino
Fortini;Torino
Leysen F.;Sassuolo
Balerdi;Roma
Kolasinac;Atalanta
Bernasconi;Atalanta
Heggem;Bologna
Holm;Bologna
Zortea;Bologna
Kempf;Como
Viery;Fiorentina
Calvani;Frosinone
Monterisi;Frosinone
Marcandalli;Genoa
Pavard;Inter
Marusic;Lazio
Veiga D.;Lecce
Gallo;Lecce
Gabbia;Milan
Tomori;Milan
Birindelli;Monza
Buongiorno;Napoli
Kristensen T.;Atalanta
Hainaut;Venezia
Obrador;Sassuolo
Badiashile;Napoli
Sutalo J.;Lazio
Caleta-Car;Sassuolo
Sugawara;Cagliari
Leite;Lazio
Bellanova;Atalanta
Kofler;Cagliari
Rodriguez Ju.;Cagliari
Valdepenas;Fiorentina
Gatti;Juventus
Kelly L.;Juventus
Pedraza;Lazio
Siebert;Lecce
De Winter;Milan
Beukema;Napoli
Ghilardi;Roma
Comert;Torino
Abankwah;Udinese
Bella-Kotchap;Venezia
Correia T.;Venezia
Haps;Venezia
Favasuli;Napoli
Patterson;Torino
Rodriguez R.;Torino
Vitik;Bologna
Parisi;Fiorentina
Cittadini;Frosinone
Provstgaard;Lazio
Floriani Mussolini;Lazio
Gaspar K.;Lecce
Lucchesi;Monza
Kouadio;Monza
Carboni A.;Monza
Olivera;Napoli
Troilo;Parma
Valenti;Parma
Britschgi;Parma
Rensch;Roma
Bertola;Udinese
Moreno M.;Venezia
Sagrado;Venezia
Terzic;Frosinone
Cinquegrano;Sassuolo
Juan Jesus;Venezia
Ehizibue;Genoa
Kossounou;Atalanta
Helland;Bologna
Smolcic I.;Como
Pongracic;Fiorentina
Ranieri L.;Fiorentina
Mitaj;Genoa
Estupinan;Milan
Walukiewicz;Sassuolo
Kabasele;Udinese
Ebosse;Udinese
Zanoli;Udinese
Arizala;Udinese
Odenthal;Sassuolo
Lulli;Roma
Drameh;Genoa
Casale;Bologna
Alhassane;Bologna
Idrissi R.;Cagliari
Joao Mario;Fiorentina
Akpoguma;Frosinone
Otoa;Genoa
Sabelli;Genoa
Bakoune;Monza
Marin R.;Napoli
Candè;Sassuolo
Palma;Udinese
Halhal;Venezia
Schingtienne;Venezia
Sverko;Venezia
Franjic;Venezia
Goglichidze;Monza
Tchato;Frosinone
Kambwala;Como
Drobnic;Parma
De Silvestri;Bologna
Goldaniga;Como
Van Der Brempt;Sassuolo
Amey;Frosinone
Puczka;Genoa
Rugani;Juventus
Cabal;Juventus
Patric;Lazio
Lazzari;Lazio
Pellegrini Lu.;Lazio
Jean;Lecce
Ndaba;Lecce
Diawara S.;Milan
Antov;Monza
Marianucci;Napoli
Mazzocchi;Venezia
Ndiaye;Parma
Carboni F.;Parma
Ziolkowski;Monza
Pieragnolo;Sassuolo
Biraghi;Torino
Gomes;Venezia
Aurelio;Cagliari
Omar Fayed;Frosinone
Terracciano F.;Milan
Maye;Monza
Dembelè A.;Lecce
Paz N.;Como
Calhanoglu;Inter
McTominay;Napoli
Orsolini;Bologna
Pulisic;Milan
Rabiot;Milan
Baturina;Como
Mora;Roma
Da Cunha;Como
Barella;Inter
De Bruyne;Napoli
Zaniolo;Udinese
Atta;Fiorentina
McKennie;Juventus
Zaccagni;Lazio
Mastantuono;Fiorentina
Samardzic;Atalanta
Gudmundsson A.;Lazio
Zielinski;Inter
Conceicao;Juventus
Taylor K.;Lazio
Ekkelenkamp;Udinese
Moreira;Milan
Gonzalez N.;Juventus
Ederson D.S.;Atalanta
Modric;Milan
Vlasic;Torino
Jones C.;Inter
Perrone;Como
Rodriguez Je.;Como
Baldanzi;Genoa
Frattesi;Lazio
Alajbegovic;Juventus
Kessiè;Atalanta
Goncalves P.;Fiorentina
Bernardeschi;Bologna
Rowe;Atalanta
Mandragora;Torino
Diouf;Inter
Cancellieri;Lazio
Saelemaekers;Milan
Lobotka;Napoli
Zambo Anguissa;Napoli
Politano;Napoli
Konè M.;Roma
Thorstvedt;Sassuolo
Calò;Frosinone
Thuram K.;Juventus
Isaksen;Lazio
Coulibaly L.;Lecce
Colpani;Monza
Vergara;Napoli
Cristante;Roma
Adzic;Sassuolo
Volpato;Sassuolo
Casadei;Torino
Pellegrini Lo.;Roma
Pasalic;Atalanta
Ferguson;Bologna
Cambiaghi;Bologna
Adopo;Cagliari
Romano;Cagliari
Fagioli;Fiorentina
Ndour;Fiorentina
Sucic P.;Inter
Locatelli;Juventus
Zhegrova;Juventus
Chukwueze;Milan
Pisilli;Roma
Konè I.;Sassuolo
Karlstrom;Udinese
Schmid;Frosinone
Gaetano;Atalanta
Zalewski;Atalanta
Pobega;Bologna
Odgaard;Bologna
Winks;Cagliari
Fazzini;Cagliari
Frendrup;Genoa
Koopmeiners;Juventus
Akinsanmiro;Monza
Bernabè;Parma
Matic;Sassuolo
Cacciamani;Torino
Unai Gomez;Udinese
Busio;Venezia
Sow;Genoa
Hutchinson;Milan
Monteiro J.;Lecce
Sarr P.;Juventus
Mbangula;Bologna
Braganca;Torino
El Shaarawy;Genoa
Milla;Como
Caqueret;Como
Liberali;Como
Oulai;Fiorentina
Zerbin;Frosinone
Ellertsson;Genoa
Rovella;Lazio
Pierotti;Lecce
Pessina;Monza
Keita M.;Parma
Bakola;Sassuolo
Fitz-Jim;Torino
Gineitis;Torino
Oristanio;Torino
Piotrowski;Udinese
Basic;Venezia
Perez K.;Venezia
Cissè A.;Milan
Elmas;Atalanta
Deiola;Cagliari
Felici;Cagliari
Fini ;Frosinone
Masini;Frosinone
Messias;Genoa
Jashari;Milan
Musah;Milan
Nicolussi Caviglia;Parma
Almqvist;Parma
Njie;Fiorentina
Sohm;Venezia
Tourè I.;Monza
De Roon;Roma
Amondarain;Bologna
Moro N.;Bologna
Dominguez B.;Sassuolo
Fadera;Cagliari
Addai;Como
Cichella;Frosinone
Amorim;Genoa
Meichtry;Genoa
Traorè Hj.;Genoa
Luis Henrique;Inter
Mkhitaryan;Inter
Douglas Luiz;Juventus
Dele-Bashiru;Lazio
Maleh;Lecce
Ngom;Lecce
Berisha M.;Lecce
Gandelman;Lecce
Loftus-Cheek;Milan
Folorunsho;Monza
Ilkhan;Torino
Miller L.;Udinese
Grillitsch;Frosinone
Massolin;Cagliari
Sulemana I.;Sassuolo
Brescianini;Fiorentina
Fabbian;Parma
Hasa;Frosinone
Belahyane;Lazio
Cataldi;Lazio
Gorter;Lecce
Ricci S.;Como
Gilmour;Napoli
Ordonez C.;Parma
Diallo O.;Parma
Lipani;Sassuolo
Ilic;Lecce
Aboukhlal;Torino
Gagliardini;Cagliari
Fernandez T.;Venezia
El Azzouzi O.;Bologna
Gelli F.;Frosinone
Stankovic A.;Inter
Colombo L.;Monza
Cremaschi;Parma
Zarraga;Udinese
Chakvetadze;Udinese
Helgason;Venezia
Forson O.;Monza
Foe Ondoa;Monza
Jovanovic;Udinese
Sierro;Parma
Liteta;Cagliari
Lahdo;Como
El Azzouzi A.;Frosinone
Kone B.;Frosinone
Venturino;Genoa
Przyborek;Lazio
Kaba;Lecce
Fofana Sa.;Lecce
Ciurria;Monza
Boloca;Sassuolo
Dagasso;Venezia
Duncan;Venezia
Laerke;Lecce
Comotto;Milan
Mout;Monza
Ciervo;Cagliari
Libra;Bologna
Malen;Roma
Martinez L.;Inter
Thuram;Inter
Hojlund;Napoli
Ramos G.;Milan
Kean;Como
Kolo Muani;Juventus
Woltemade;Juventus
Douvikas;Como
Yildiz;Juventus
Scamacca;Atalanta
Davis K.;Udinese
Esposito F.P.;Inter
Berardi;Sassuolo
Krstovic;Atalanta
De Ketelaere;Atalanta
Dovbyk;Bologna
Pellegrino M.;Fiorentina
Dybala;Roma
Laurientè;Sassuolo
Soulè;Roma
Diao;Como
Santos A.;Napoli
Castro S.;Roma
Simeone;Torino
Beto;Fiorentina
Raspadori;Atalanta
Esposito Se.;Sassuolo
Adams A.;Venezia
Raimondo;Frosinone
Bowie;Sassuolo
Pinamonti;Lazio
Adams C.;Torino
Kevin Carlos;Cagliari
Romero D.;Parma
Colombo;Genoa
Yeboah J.;Venezia
Tourè E.;Parma
Maldini;Cagliari
Piccoli;Bologna
Ghedjemis;Frosinone
Kvernadze;Frosinone
Cutrone;Monza
Osmajic;Genoa
Bobcek;Frosinone
Vitinha O.;Genoa
Bonny;Inter
Noslin;Lazio
Geubbels;Lecce
Mendy P.;Cagliari
Stulic;Lecce
Varela G.;Monza
Rrahmani Al.;Venezia
Zeballos;Monza
Gnonto;Fiorentina
Boga;Juventus
Zapata D.;Torino
Gueye;Udinese
Robinson J.;Monza
Sulemana K.;Atalanta
Mota;Monza
Neres;Napoli
Lontani;Parma
N'Dri;Lecce
Camarda;Milan
Lang;Napoli
Frigan;Parma
Adorante;Venezia
Milik;Juventus
Fatah;Lecce
Birligea;Frosinone
Ngonge;Monza
Nzola;Cagliari
Havel;Genoa
Giovane;Napoli
Lucca;Napoli
Elphege;Parma
Kulenovic;Torino
Ekhator;Juventus
Lauberbach;Venezia
Enem;Bologna
Trepy;Cagliari
Bayo V.;Udinese
Lisman;Venezia
De Martis;Parma
Robinho Junior;Genoa